PookieBears,3,password/distance/male
Redflags ,2,glasses
Kachow,2,distance/male
The Racers ,1,facerecog/glasses/language/male
BBAMJJ,1,facerecog/password/male
Gryphondor ,2,facerecog/language/password
Joey,1,facerecog/language/password/male
Hotwheels ,2,facerecog/glasses/male
pedestrianpaver,2,facerecog/glasses/language/distance/male
Bomboclart,2,glasses/male
FreeCandy,4,male
GeoDash,3,glasses/language/male
elijah’s car team,1,facerecog/glasses/language/password/distance
Alberts Lego bus,2,facerecog/glasses/male
Hershey’s chocolate ,3,facerecog/glasses/language
ZIA,0,glasses/distance/male
F00GLEZ,3,facerecog/male
Volt3c,3,language/male
Team Brick,2,facerecog/language/password/male
BAMA12,2,language/distance/male
