Bimonliftz,0,facerecog/glasses/password/distance/male
Zoom,2,password
corolla2021,1,language/password/distance
Speedy,3,password/distance
ball2,1,password/distance
T3ddy,3,facerecog/language/distance/male
GeoInEssence,0,password/distance/male
Turbo,3,facerecog/glasses/password
JesusTakeThisWheel,0,facerecog/glasses/language/password/distance/male
DS4,1,facerecog/password/male
LMY,2,password/distance
BMW,3,password/distance/male
The Diddy Party,1,facerecog/glasses/language/distance/male
Friend of the farm,0,facerecog/language/distance/male
CarNoDrive,2,facerecog/glasses/language
PresidentialTeam,3,facerecog/glasses/male
Geogeogeo,3,password/male
Supersonic,0,facerecog/glasses
free kris wu ,2,password
envEmachine,0,
TCYK,3,password
NDDevils,3,facerecog/glasses/male
Thingamajig,4,password/distance
Ladybug,2,facerecog/glasses/language
zoomin,0,password
goofy goblins ðŸ‘¹ ,0,facerecog/glasses/language/distance/male
HorseDrawnCarriage,2,facerecog/glasses/distance
Steel2,4,facerecog/glasses/language/password/distance/male
Car1,3,password/distance
LightningMcQueen,2,facerecog/glasses/language/password/male
Citalis,3,facerecog/distance/male
FlyingCcar,3,facerecog/glasses/language/distance/male
Apollo5,1,password/distance
Apollo5,1,password/distance
Beastdriver5,2,password/distance
Sentient,1,password
NDDevils,2,facerecog/glasses/male
